{
  "n_total": 3000000,
  "d": 256,
  "k": 16,
  "dtype": "float64",
  "standardize": false,
  "whiten": false,
  "ranks": 32,
  "timings_sec": {
    "load": 0.6256675720214844,
    "center": 0.10271191596984863,
    "cov_allreduce": 0.13690638542175293,
    "eig": 0.008094549179077148,
    "project": 0.036437034606933594,
    "total": 0.9098174571990967
  },
  "timestamp": "2025-12-01 19:03:25"
}