np,total
1,25.024109363555908
2,12.513677597045898
4,6.3992760181427
8,3.2336761951446533
16,1.697596549987793
32,0.9098174571990967
