{
  "n_total": 3000000,
  "d": 256,
  "k": 16,
  "dtype": "float64",
  "standardize": false,
  "whiten": false,
  "ranks": 1,
  "timings_sec": {
    "load": 17.31154155731201,
    "center": 2.3357994556427,
    "cov_allreduce": 4.272285223007202,
    "eig": 0.02745962142944336,
    "project": 1.0770235061645508,
    "total": 25.024109363555908
  },
  "timestamp": "2025-12-01 19:02:19"
}