{
  "n_total": 3000000,
  "d": 256,
  "k": 16,
  "dtype": "float64",
  "standardize": false,
  "whiten": false,
  "ranks": 4,
  "timings_sec": {
    "load": 4.452544927597046,
    "center": 0.5875442028045654,
    "cov_allreduce": 1.0812108516693115,
    "eig": 0.00771641731262207,
    "project": 0.2702596187591553,
    "total": 6.3992760181427
  },
  "timestamp": "2025-12-01 19:02:59"
}